Distro, Deps
HTTP::UserAgent, 43
Bailador, 10
WWW, 9
Net::ZMQ, 6
Font::FreeType, 5
Sparky, 4
HTTP::Server::Tiny, 4
MPD::Client, 4
P5localtime, 4
Audio::Taglib::Simple, 3
JSON::RPC, 3
Rakudo::Perl6::Parsing, 2
Cairo, 2
Readline, 2
Pastebin::Gist, 2
Desktop::Notify, 2
TXN::Parser, 2
DBIx::NamedQueries, 2
Digest::xxHash, 1
TelegramBot, 1
Crust::Middleware::Session, 1
TestML, 1
Audio::Encode::LameMP3, 1
ScaleVec, 1
GD::Raw, 1
BioInfo, 1
SDL, 1
WebService::FootballData, 1
Gumbo, 1
WWW::P6lert, 1
YAML, 1
P5readlink, 1
MoarVM::Remote, 1
Stats, 1
TXN::Remarshal, 1
Audio::OggVorbis, 1
Digest::MurmurHash3, 1
LibCurl, 1
Archive::Libarchive::Raw, 1
Testing, 1
Audio::Libshout, 1
YAML::Parser::LibYAML, 1
IO::CatHandle::AutoLines, 1
Audio::Icecast, 1
Pastebin::Shadowcat, 1
